{
  "Biology & Medicine": {
    "precision": 0.9951859229747676,
    "recall": 0.9991666666666666,
    "f1-score": 0.9971723220226214,
    "support": 12000.0
  },
  "Chemistry": {
    "precision": 0.955895738518825,
    "recall": 0.9631482407870602,
    "f1-score": 0.9595082852277919,
    "support": 11994.0
  },
  "Computer Science": {
    "precision": 0.9303419880682295,
    "recall": 0.9208250166333999,
    "f1-score": 0.9255590386624869,
    "support": 12024.0
  },
  "Economics & Business": {
    "precision": 0.973106155516579,
    "recall": 0.972375229510933,
    "f1-score": 0.9727405552076811,
    "support": 11982.0
  },
  "Engineering": {
    "precision": 0.8910989557434112,
    "recall": 0.8968220869130036,
    "f1-score": 0.8939513614633132,
    "support": 11989.0
  },
  "Mathematics": {
    "precision": 0.9065824468085106,
    "recall": 0.909,
    "f1-score": 0.9077896138482024,
    "support": 12000.0
  },
  "Physics": {
    "precision": 0.9593536985609694,
    "recall": 0.9500791732644387,
    "f1-score": 0.9546939117326857,
    "support": 11999.0
  },
  "accuracy": 0.9444801638329285,
  "macro avg": {
    "precision": 0.9445092723130416,
    "recall": 0.944488059110786,
    "f1-score": 0.9444878697378262,
    "support": 83988.0
  },
  "weighted avg": {
    "precision": 0.944505100187729,
    "recall": 0.9444801638329285,
    "f1-score": 0.9444818299794298,
    "support": 83988.0
  }
}